user_location,COUNTA of user_location
"Washington, DC",373
"Annapolis, MD",28
Washington DC,27
"Melbourne, Victoria",18
Worldwide,16
"Virginia, USA",12
"Silver Spring, MD",11
DC,11
"Washington, D.C.",10
United States,10
"Flint, NOVA, Washington D.C.",10
"District of Columbia, USA",10
"Tysons Corner, VA",9
"Bethesda, MD",8
Southwest DC,7
"McLean, VA",7
"Maryland, USA",7
"Florida, USA",7
"DC/Sunyani, Ghana ",6
"Washington, DC & Albuquerque, NM",5
DC NYC LA,5
"Alexandria, VA",5
D.C.,4
"Brooklyn, NY",4
"Adams Morgan, Washington DC ",4
"1228 Blagden Alley NW, DC",4
Washington D.C.,3
the District of Columbia,3
The Atmosphere,3
"Texas, USA",3
"Newport News, VA",3
"New York, USA",3
"New York, NY",3
N 38¬∞55' 0'' / W 77¬∞1' 0'',3
MD/DC/VA Will travel,3
Los Angeles Universe Omniverse,3
London,3
DC | Seattle,3
"Arlington, VA",3
via lactea,2
"√úT: 39.602256,-77.690325",2
USA; presently in MD/DC Metro,2
United Kingdom,2
"Union Market, Washington, DC",2
"Silver Spring, Maryland",2
"San Francisco, CA",2
Philly ü§ó ‚úåüèΩ,2
OXNARD - Vegas,2
On the Path,2
"NoMa, DC",2
no where NEAR ANYTHING!,2
Madrid,2
"Los Angeles, CA",2
Los Angeles,2
IG: @bagladies,2
"Hyattsville, MD",2
"Hamburg, Deutschland",2
FLORIDA,2
DMV,2
District of Columbia,2
"Crystal City, Arlington, VA",2
"Baltimore, MD",2
Australia,2
"Amsterdam, The Netherlands",2
"9 Hillyer Court, NW",2
1358-1360 Florida Ave NE,2
1200 East-West Highway,2
"""THE SOUND OF ONE HAND CLAPPING"" (ZEN KOAN)",2
World Wide Web,1
"Wittenberg, Wisconsin, USA",1
Wayne PA,1
"Washington, DC, USA",1
"Washington, DC ",1
"Washington, D.C., area",1
"Washington, D.C",1
Washington DC metro area,1
Washington DC & Phoenix AZ,1
washington dc // brooklyn ny,1
Washington,1
"Washingtion, DC",1
"VA, DC & MD",1
"√úT: 38.9621883,-77.0340298",1
"√úT: 38.961058,-77.034935",1
USA,1
United States #Illinios USAüëà,1
UMD,1
"U Street, Washington, DC",1
Tuscon,1
"Toronto, Ontario",1
The World,1
The Oy-ly Land,1
The Nation's Cap,1
The kitchen,1
THE EEPHUS,1
The District,1
"Takoma Park, MD",1
Springfield VA,1
Southern Vermont,1
"Somewhere, out there",1
Somewhere DC,1
Soil/Oceans/Outer Space,1
sf ‚Ä¢ dc ‚Ä¢ nyc,1
"Screwston, Texas",1
"Scottsdale, AZ",1
"San Antonio, TX",1
Rockville MD,1
Right Here,1
"Reston, VA",1
Republic of Brooklyn NY-LA-UK,1
Planet Erf! Ruddy's room!,1
Philadelphia PA (610) 768-0357,1
Philadelphia . Uptown,1
PG. Maryland,1
out there,1
on the interwebs,1
NYC,1
Nowhere,1
"North Holland, The Netherlands",1
"North East, England",1
North Carolina,1
National Capital Region,1
mt. rainier maryland,1
MINNEAPOLIS,1
Miami Paradise Florida,1
"MD, DC, VA, PA, NJ",1
Maryland,1
"Maraqopa, USA. est. 1972",1
"Manchester, England",1
Lost In My Own Mind,1
"La Paz, BCS Mexico",1
"Kingman Island, DC",1
Jerzadelphia,1
Isaiah 53,1
"iPhone: 38.960835,-77.189125",1
invaded territory USA,1
IG: @wellreadblackgirl,1
"Herndon, VA",1
"Hard Rock , Soft Place",1
"Greer, SC",1
"Frederick, MD",1
"Forest Hills, Queens",1
FL,1
Everywhere like the air,1
everywhere is local,1
"England, United Kingdom",1
"Edinburgh, Scotland",1
"Edgewood, DC",1
Earth,1
Downtown Silver Spring,1
DF,1
"Detroit, MI",1
"Denver, CO",1
DCPG,1
DC Metro Area,1
DC Metro,1
DC Baby!,1
DC Area,1
DC and New York,1
Dallas | Lexington,1
D.C. - Ant. Cuzcatl√°n - Cop√°n,1
"Cyprus, Paphos",1
"Coahuila, M√©xico",1
"Clearwater, FL",1
"Cheshire, Manchester, Staffordshire and across the UK",1
"California, USA",1
"Burlington, WI",1
Brooklyn + Newark,1
"Bronx, NY",1
"Bridgeport, CT",1
BowieStateUniv/USF_Dons,1
"Bowie, MD",1
"Boston, Massachusetts",1
"Boston, MA",1
BeyondTheCorridorOfSpace&Time.,1
B-more,1
"Atlanta, GA",1
ATL,1
"Anacostia, DC",1
All The Way Up,1
"Alexandria, Virginia",1
"Adams Morgan, Washington",1
A pale blue dot...,1
"901 New York Ave. NW, DC",1
"4818 (ALLEY) YUMA ST. NW, WASH",1
"225 7th St SE Washington, DC",1
2018Âπ¥1Êúà5Êó• ÊÑõÂÆï„Å°„ÇÉ„Çì„Å®ÁµêÂ©ö„Åó„Åæ„Åó„Åü,1
1100 New Jersey Ave SE Wash DC,1
#HistoricWestBaltimore,1
.. nation wide .,1
,0
Grand Total,836